dish,symbolism,connecting_ingredients,trade_routes,cultural_values
Butter Chicken,A creamy comfort born in Delhi kitchens,tomato|cream|spices,Columbian exchange (tomato)|Spice Route,comfort|hospitality
Biryani,Celebration and hospitality layered like its rice,rice|saffron|spices,Spice Route,generosity|festivity
Masala Dosa,A crisp everyday staple of South India,rice|lentils,Indian Ocean trade,simplicity|nourishment
Gulab Jamun,Sweetness that marks every celebration,milk|sugar|cardamom,Spice Route,joy|togetherness
Masala Chai,The daily ritual that pauses the day,tea|milk|spices,Tea trade,warmth|hospitality
Sushi,Precision and respect for the sea,rice|fish|seaweed,coastal trade,craft|harmony
Ramen,Comfort in a bowl adapted from Chinese noodles,wheat noodles|broth,China-Japan exchange,adaptation|comfort
Miso Soup,Warmth and daily gratitude at the start of a meal,soybean|seaweed,Silk Road soy spread,harmony|simplicity
Mochi,Chewy sweetness for new beginnings,rice,ancient rice culture,renewal|celebration
Matcha,Stillness whisked into a cup,tea,Tea trade,mindfulness|ceremony
Margherita Pizza,Simplicity honoring a nation's colors,tomato|basil|mozzarella,Columbian exchange (tomato),pride|simplicity
Spaghetti Carbonara,Roman thrift turned into a classic,wheat|egg|pork,Mediterranean trade,ingenuity|tradition
Tiramisu,A pick-me-up shared after a meal,coffee|cocoa,Coffee & chocolate Columbian exchange,comfort|togetherness
Espresso,A small cup that fuels a culture,coffee,Coffee trade,ritual|energy
Tacos al Pastor,Fusion of Lebanese shawarma and Mexican tradition,pork|chili|pineapple,Lebanese migration to Mexico,fusion|street life
Guacamole,Ancient Aztec abundance from the avocado,avocado|lime|chili,Mesoamerican origin,earthiness|sharing
Churros,Sweet fried joy shared at fairs,wheat|sugar|cinnamon,Iberian exchange,festivity|indulgence
Horchata,Refreshment rooted in indigenous and colonial exchange,rice|cinnamon,Manila Galleon trade,welcome|coolness
Pad Thai,A national dish forged to build identity,rice noodles|tamarind|peanut,Silk Road|Columbian exchange,identity|balance
Green Curry,Fragrant heat balancing sweet and spice,coconut|chili|herbs,Spice Route|Columbian exchange (chili),balance|vibrancy
Mango Sticky Rice,Tropical sweetness of the harvest,rice|coconut|mango,Indian Ocean trade,generosity|season
Thai Iced Tea,Sweet and colorful refreshment of the street,tea|milk|sugar,Tea trade,vibrancy|hospitality
Coq au Vin,Rustic French patience in a pot,chicken|wine,European wine trade,patience|terroir
Ratatouille,A humble garden turned into art,tomato|eggplant|zucchini,Columbian exchange,thrift|beauty
Croissant,A buttery morning ritual,wheat|butter,European baking exchange,indulgence|craft
Crepe,A thin canvas for sweet or savory,wheat|egg,European exchange,versatility|comfort
Peking Duck,Imperial ceremony on a plate,duck|wheat pancakes,ancient China,prestige|craft
Dumplings,Parcels of reunion and good fortune,wheat|pork,Silk Road,family|reunion
Mapo Tofu,Sichuan boldness of numbing spice,tofu|chili|Sichuan pepper,Silk Road|Columbian exchange (chili),boldness|warmth
Jasmine Tea,Fragrant calm of scented leaves,tea|jasmine,Tea trade,serenity|hospitality
Cheeseburger,An icon of American convenience and comfort,beef|wheat|cheese,industrial-era migration,comfort|abundance
BBQ Ribs,Slow smoke and communal feasting,pork|spices,African-American culinary heritage,community|patience
Apple Pie,A byword for home and belonging,apple|wheat|sugar,European settler baking,nostalgia|home
Lemonade,Simple summertime refreshment,lemon|sugar,Mediterranean citrus trade,ease|welcome
Doro Wat,Festive centerpiece of Ethiopian gatherings,chicken|berbere,Red Sea spice trade,celebration|sharing
Injera,The sourdough base that unites a meal,teff,Horn of Africa origin,unity|sharing
Tagine,Slow communal cooking across the Maghreb,lamb|cumin|apricot,Trans-Saharan spice trade,patience|community
Couscous,Grains of togetherness in North Africa,semolina|vegetables,Trans-Saharan trade,family|generosity
Mint Tea,The poured ritual of Maghrebi hospitality,tea|mint|sugar,Tea trade,hospitality|welcome
Feijoada,A hearty stew born of many cultures,black beans|pork,Atlantic exchange,inclusion|abundance
Pao de Queijo,Cheesy warmth from cassava country,cassava|cheese,indigenous-Portuguese fusion,comfort|conviviality
Brigadeiro,A sweet party staple of Brazil,cocoa|condensed milk,chocolate Columbian exchange,celebration|childhood
Moussaka,Layered comfort of the eastern Mediterranean,eggplant|lamb|tomato,Ottoman exchange|Columbian (tomato),comfort|hospitality
Souvlaki,Skewered simplicity of the Greek street,pork|herbs,Mediterranean trade,conviviality|street life
Baklava,Sweet layers marking joyous occasions,pistachio|honey|filo,Ottoman trade routes,hospitality|celebration
Pho,Comfort and resilience in a fragrant broth,rice noodles|star anise,French-Vietnamese exchange,resilience|nourishment
Banh Mi,A baguette reimagined through history,wheat|pork|herbs,French colonial exchange,fusion|ingenuity
Vietnamese Coffee,Bold coffee sweetened for the tropics,coffee|condensed milk,French coffee introduction,ingenuity|ritual
Asado,The weekend fire that gathers the whole family,beef|salt|fire,Pampas cattle culture,community|celebration
Dulce de Leche,Caramel sweetness poured over childhood,milk|sugar,colonial dairy exchange,comfort|nostalgia
Empanadas,Hand-folded parcels shared at every gathering,wheat|beef,Spanish colonial exchange,family|hospitality
Milanesa,A breaded comfort carried by Italian immigrants,beef|breadcrumb|egg,Italian migration,comfort|heritage
Hilsa Curry,The prized river fish at the heart of Bengali feasts,hilsa|mustard|rice,Bay of Bengal trade,pride|festivity
Panta Bhat,Fermented rice that welcomes the Bengali new year,rice|water,ancient rice culture,renewal|simplicity
Roshogolla,Spongy syrup-soaked sweets of celebration,milk|sugar,Bengal sweet tradition,joy|togetherness
Ajiaco,A hearty highland soup that warms Bogota,potato|chicken|corn,Andean origin,comfort|home
Arepas,The daily corn cake of the northern Andes,maize,Mesoamerican origin,sustenance|sharing
Bandeja Paisa,A mountain feast piled high with abundance,beans|pork|rice,Antioquian tradition,abundance|labor
Basbousa,Semolina sweetness soaked in fragrant syrup,semolina|honey,Ottoman exchange,celebration|hospitality
Ful Medames,The ancient bean breakfast of the Nile,fava beans|olive oil,Nile Valley origin,sustenance|tradition
Koshari,A street-food melting pot in a single bowl,rice|lentils|pasta,Mediterranean & Indian exchange,fusion|thrift
Molokhia,A green jute-leaf stew from pharaonic times,jute leaf|garlic,Nile Valley origin,heritage|comfort
Black Forest Cake,Cherry and cream layered into indulgence,cherry|chocolate|cream,European baking exchange,celebration|indulgence
Bratwurst,The grilled sausage of fairs and festivals,pork|spices,Germanic sausage craft,conviviality|tradition
Pretzel,A knotted emblem of the baker's guilds,wheat|salt,monastic baking,craft|good fortune
Sauerbraten,A slow-marinated Sunday roast,beef|vinegar|spices,medieval preservation,patience|tradition
Gado-Gado,A vegetable medley united by peanut sauce,vegetables|peanut|egg,Spice Islands trade,harmony|balance
Nasi Goreng,Fragrant fried rice that wastes nothing,rice|soy|chili,Chinese-Indonesian exchange,thrift|comfort
Rendang,Slow-simmered spice mastery of the Minangkabau,beef|coconut|chili,Spice Route,patience|prestige
Satay,Skewered street smoke with peanut sauce,meat|peanut|turmeric,maritime spice trade,conviviality|street life
Chelo Kabab,The national plate of rice and grilled meat,rice|lamb|saffron,Silk Road,hospitality|pride
Fesenjan,A regal stew of pomegranate and walnut,pomegranate|walnut|chicken,Persian court cuisine,richness|celebration
Ghormeh Sabzi,The beloved herb stew of Persian homes,herbs|beans|lamb,Persian origin,home|tradition
Tahdig,The prized crispy rice everyone reaches for,rice|saffron|oil,Persian rice culture,delight|sharing
Nyama Choma,Roasted meat that brings friends together,meat|salt,East African pastoral culture,community|celebration
Sukuma Wiki,Greens that stretch the week,collard greens|onion,colonial-era staple,thrift|sustenance
Ugali,The maize staple that anchors every meal,maize,Columbian exchange (maize),sustenance|unity
Hummus,A creamy chickpea dip of shared tables,chickpea|tahini|lemon,Levantine origin,sharing|hospitality
Shawarma,Spit-roasted street food that circled the world,meat|spices|bread,Ottoman origin,street life|fusion
Tabbouleh,A herb-bright salad of the Levant,parsley|bulgur|lemon,Levantine origin,freshness|health
Laksa,A spicy noodle soup of cultural crossroads,rice noodles|coconut|chili,Straits Chinese fusion,fusion|vibrancy
Nasi Lemak,Coconut rice hailed as the national dish,rice|coconut|chili,Malay origin,identity|comfort
Roti Canai,Flaky flatbread of Indian-Malay mornings,wheat|ghee,Indian migration,fusion|street life
Bitterballen,Crispy bites shared over friendly drinks,beef|breadcrumb,Dutch tavern tradition,conviviality|comfort
Haring,"Raw herring, a taste of the sea's bounty",herring|onion,North Sea fishing,heritage|simplicity
Stroopwafel,A caramel-filled waffle born in Gouda,wheat|caramel,Dutch baking,comfort|craft
Egusi Soup,A melon-seed stew at the center of feasts,melon seed|leafy greens,West African origin,community|abundance
Jollof Rice,The one-pot rice at the heart of friendly rivalry,rice|tomato|pepper,trans-Atlantic exchange,pride|festivity
Puff Puff,Sweet fried dough of celebrations,wheat|sugar,West African street food,joy|sharing
Suya,Spiced grilled skewers of the northern streets,beef|peanut|spices,Hausa trade routes,street life|conviviality
Haleem,A slow-cooked wheat-and-meat stew of patience,wheat|lentils|meat,Persian-Mughal exchange,patience|community
Nihari,A slow morning stew once fit for royalty,beef|spices,Mughal cuisine,indulgence|heritage
Seekh Kebab,Spiced minced-meat skewers off the grill,meat|spices,Central Asian-Mughal exchange,conviviality|craft
Aji de Gallina,A creamy chili chicken of Lima comfort,chicken|aji|walnut,colonial-Andean fusion,comfort|fusion
Ceviche,"Citrus-cured fish, a gift of the Pacific",fish|lime|chili,Pacific coastal origin,freshness|pride
Lomo Saltado,A stir-fry born of Chinese-Peruvian kitchens,beef|soy|potato,Chinese migration (chifa),fusion|ingenuity
Adobo,The tangy national dish of every household,pork|vinegar|soy,Austronesian-Spanish fusion,home|identity
Halo-Halo,A colorful shaved-ice medley of mix-mix,shaved ice|beans|milk,American-era dessert,joy|abundance
Lumpia,Crisp spring rolls shared at gatherings,wheat|vegetables|pork,Chinese migration,sharing|festivity
Sinigang,A sour tamarind soup that comforts,tamarind|pork|vegetables,Austronesian origin,comfort|home
Bigos,The hunter's stew that improves with age,cabbage|meat,Polish forest tradition,patience|heartiness
Kielbasa,The smoky sausage of celebration and craft,pork|garlic,Central European curing,tradition|conviviality
Pierogi,Filled dumplings folded for every occasion,wheat|potato|cheese,Central & Eastern European exchange,family|comfort
Bacalhau,"Salt cod, faithful friend of a seafaring nation",cod|olive oil,Atlantic cod trade,heritage|resourcefulness
Caldo Verde,A humble kale-and-potato soup of the north,kale|potato|sausage,rural Portuguese origin,comfort|simplicity
Pastel de Nata,The custard tart born in a Lisbon monastery,egg|cream|pastry,monastic baking,indulgence|craft
Beef Stroganoff,Aristocratic beef in a creamy sauce,beef|cream|mushroom,19th-century Russian court,comfort|prestige
Blini,Thin pancakes marking the turn of the seasons,wheat|egg,Slavic sun ritual,celebration|renewal
Borscht,The ruby beet soup of Slavic tables,beet|cabbage,Eastern European origin,home|comfort
Pelmeni,Siberian dumplings frozen for the long winter,wheat|meat,Ural & Siberian origin,resourcefulness|family
Falafel,Crisp chickpea fritters of the shared table,chickpea|herbs,Levantine origin,sharing|hospitality
Kabsa,The fragrant spiced rice of gatherings,rice|meat|spices,Arabian spice trade,hospitality|generosity
Biltong,Air-dried spiced meat of the trekking life,beef|vinegar|spices,Voortrekker preservation,resourcefulness|heritage
Bobotie,A spiced baked mince of Cape Malay heritage,beef|curry|egg,Cape Malay-Dutch fusion,fusion|comfort
Bunny Chow,"A hollowed loaf filled with curry, born in Durban",bread|curry,Indian migration,ingenuity|street life
Bibimbap,A harmonious bowl of colorful balance,rice|vegetables|egg,Korean royal & folk cuisine,harmony|balance
Bulgogi,Marinated grilled beef shared at the table,beef|soy|pear,Korean barbecue tradition,conviviality|celebration
Kimchi,Fermented vegetables at the soul of every meal,cabbage|chili|garlic,Columbian exchange (chili),patience|identity
Tteokbokki,Chewy rice cakes in a fiery street sauce,rice cake|gochujang,Korean street food,comfort|street life
Gazpacho,A chilled tomato soup of Andalusian summers,tomato|pepper|olive oil,Columbian exchange (tomato),freshness|thrift
Paella,The saffron rice that gathers a crowd,rice|saffron|seafood,Moorish rice & spice,conviviality|celebration
Tapas,Small plates that turn eating into socializing,olive oil|bread,Spanish tavern culture,conviviality|sharing
Cinnamon Bun,The spiral pastry at the heart of fika,wheat|cinnamon|cardamom,spice trade,comfort|ritual
Gravlax,"Cured salmon, a Nordic art of preservation",salmon|dill|salt,Nordic preservation,craft|heritage
Swedish Meatballs,Cozy meatballs of the family table,beef|cream|lingonberry,18th-century Ottoman influence,comfort|home
Kebab,Grilled-meat mastery spanning an empire,meat|spices,Ottoman & Silk Road,conviviality|craft
Meze,A spread of small plates made for lingering,olive oil|bread,Ottoman-Levantine,sharing|hospitality
Turkish Coffee,Thick coffee poured with fortune and friendship,coffee,Ottoman coffeehouse culture,ritual|hospitality
Fish and Chips,The seaside comfort of a nation,cod|potato,North Sea fishing & Columbian (potato),comfort|nostalgia
Roast Beef,The Sunday roast at the family table,beef|potato,British agrarian tradition,family|tradition
Scones,Teatime crumbs of the afternoon ritual,wheat|cream|jam,British tea culture,ritual|comfort
Shepherd's Pie,Humble minced lamb under mashed potato,lamb|potato,British-Irish origin,thrift|comfort
